{
  "rating": {
    "n": 12,
    "mean": 3.583333,
    "std": 1.187317,
    "min": 2.0,
    "max": 5.0,
    "values": [
      5.0,
      2.0,
      4.0,
      5.0,
      2.0,
      4.0,
      4.0,
      4.0,
      2.0,
      5.0,
      4.0,
      2.0
    ]
  },
  "n_feedback_tags": {
    "n": 12,
    "mean": 1.333333,
    "std": 0.471405,
    "min": 1.0,
    "max": 2.0,
    "values": [
      2.0,
      1.0,
      2.0,
      1.0,
      1.0,
      1.0,
      1.0,
      2.0,
      1.0,
      2.0,
      1.0,
      1.0
    ]
  },
  "helpful_rate": {
    "n": 12,
    "mean": 0.666667,
    "std": 0.471405,
    "min": 0.0,
    "max": 1.0,
    "values": [
      1.0,
      0.0,
      1.0,
      1.0,
      0.0,
      1.0,
      1.0,
      1.0,
      0.0,
      1.0,
      1.0,
      0.0
    ]
  }
}